pm_vol_mult	stop_mult	target_r	trades	win_rate	pnl	R	per_trade_R	maxDD_R	sharpe	note
1.5	0.5	1.8	1631	34.8	-3918	-52.2	-0.032	88.5	-0.69	
1.5	0.5	1.2	1631	44.0	-2824	-37.6	-0.023	71.7	-0.61	
1.5	0.75	1.2	1631	43.3	-5378	-71.7	-0.044	102.5	-1.17	
1.5	0.5	2.5	1631	28.9	-5125	-68.3	-0.042	114.9	-0.82	
1.5	1.0	1.2	1631	44.9	-4767	-63.6	-0.039	105.8	-1.07	
1.5	0.75	1.8	1631	35.7	-6396	-85.3	-0.052	135.5	-1.2	
1.5	0.75	2.5	1631	31.3	-6854	-91.4	-0.056	148.7	-1.14	
1.5	1.0	1.8	1631	38.6	-5087	-67.8	-0.042	121.7	-1.0	
2	0.5	1.2	1034	42.8	-3790	-50.5	-0.049	63.7	-1.17	
2	0.5	2.5	1034	28.6	-4369	-58.3	-0.056	88.1	-0.99	
2	0.5	1.8	1034	34.5	-3122	-41.6	-0.04	60.0	-0.78	
1.5	1.0	2.5	1631	36.6	-2655	-35.4	-0.022	106.9	-0.45	
2	0.75	1.2	1034	43.5	-3333	-44.4	-0.043	71.4	-1.04	
2	0.75	2.5	1034	31.7	-4862	-64.8	-0.063	108.9	-1.16	
2	0.75	1.8	1034	35.5	-5306	-70.7	-0.068	103.9	-1.43	
2	1.0	1.2	1034	45.1	-3819	-50.9	-0.049	84.6	-1.2	
3	0.5	1.2	568	40.7	-3779	-50.4	-0.089	63.5	-1.87	
2	1.0	1.8	1034	38.8	-4507	-60.1	-0.058	106.8	-1.27	
2	1.0	2.5	1034	36.9	-3404	-45.4	-0.044	97.6	-0.85	
3	0.5	1.8	568	32.4	-4121	-54.9	-0.097	61.8	-1.75	
3	0.5	2.5	568	25.7	-6160	-82.1	-0.145	97.9	-2.33	
3	0.75	1.2	568	40.8	-4531	-60.4	-0.106	74.0	-2.35	
3	0.75	1.8	568	32.2	-6733	-89.8	-0.158	104.1	-3.04	
3	0.75	2.5	568	29.4	-6557	-87.4	-0.154	110.4	-2.63	
3	1.0	1.2	568	41.9	-5345	-71.3	-0.125	87.5	-2.75	
3	1.0	1.8	568	36.8	-5388	-71.8	-0.126	97.0	-2.46	
3	1.0	2.5	568	34.5	-5856	-78.1	-0.137	101.8	-2.48	
2	0.75	1.8	1001	34.4	-5524	-73.6	-0.074	103.7	-1.51	--fill-through 0.01
2	0.75	1.8	1175	35.1	-3315	-44.2	-0.038	97.4	-0.76	--gate 09:30
2	0.75	1.8	477	31.2	-5519	-73.6	-0.154	76.5	-2.67	--last-entry 11:00
2	0.75	1.8	667	32.8	-5785	-77.1	-0.116	95.1	-2.12	--last-entry 12:00
2	0.75	1.8	576	41.3	3806	50.7	0.088	16.3	1.5	--rth-only
2	0.75	1.8	1447	35.9	-6231	-83.1	-0.057	122.0	-1.38	--max-entries 2
2	0.75	1.8	516	36.2	-1852	-24.7	-0.048	42.8	-0.84	--side SHORT
2	0.75	1.8	1034	35.5	-9792	-130.6	-0.126	152.5	-2.55	--stop-slip 0.05
2	0.75	1.8	518	34.7	-3453	-46.0	-0.089	69.3	-1.61	--side LONG
